-- 1341. Movie Rating
-- SOURCE: https://leetcode.com/problems/movie-rating/description/?envType=study-plan-v2&envId=top-sql-50

-- PROBLEM:
-- Table: Movies

-- +---------------+---------+
-- | Column Name   | Type    |
-- +---------------+---------+
-- | movie_id      | int     |
-- | title         | varchar |
-- +---------------+---------+
-- movie_id is the primary key (column with unique values) for this table.
-- title is the name of the movie.

-- Table: Users

-- +---------------+---------+
-- | Column Name   | Type    |
-- +---------------+---------+
-- | user_id       | int     |
-- | name          | varchar |
-- +---------------+---------+
-- user_id is the primary key (column with unique values) for this table.

-- Table: MovieRating

-- +---------------+---------+
-- | Column Name   | Type    |
-- +---------------+---------+
-- | movie_id      | int     |
-- | user_id       | int     |
-- | rating        | int     |
-- | created_at    | date    |
-- +---------------+---------+
-- (movie_id, user_id) is the primary key (column with unique values) for this table.
-- This table contains the rating of a movie by a user in their review.
-- created_at is the user's review date.


-- Write a solution to:

-- Find the name of the user who has rated the greatest number of movies. In case of a tie, return the lexicographically smaller user name.
-- Find the movie name with the highest average rating in February 2020. In case of a tie, return the lexicographically smaller movie name.


-- TABLE SCHEMA:
Create table If Not Exists Movies (movie_id int, title varchar(30))
Create table If Not Exists Users (user_id int, name varchar(30))
Create table If Not Exists MovieRating (movie_id int, user_id int, rating int, created_at date)
Truncate table Movies
insert into Movies (movie_id, title) values ('1', 'Avengers')
insert into Movies (movie_id, title) values ('2', 'Frozen 2')
insert into Movies (movie_id, title) values ('3', 'Joker')
Truncate table Users
insert into Users (user_id, name) values ('1', 'Daniel')
insert into Users (user_id, name) values ('2', 'Monica')
insert into Users (user_id, name) values ('3', 'Maria')
insert into Users (user_id, name) values ('4', 'James')
Truncate table MovieRating
insert into MovieRating (movie_id, user_id, rating, created_at) values ('1', '1', '3', '2020-01-12')
insert into MovieRating (movie_id, user_id, rating, created_at) values ('1', '2', '4', '2020-02-11')
insert into MovieRating (movie_id, user_id, rating, created_at) values ('1', '3', '2', '2020-02-12')
insert into MovieRating (movie_id, user_id, rating, created_at) values ('1', '4', '1', '2020-01-01')
insert into MovieRating (movie_id, user_id, rating, created_at) values ('2', '1', '5', '2020-02-17')
insert into MovieRating (movie_id, user_id, rating, created_at) values ('2', '2', '2', '2020-02-01')
insert into MovieRating (movie_id, user_id, rating, created_at) values ('2', '3', '2', '2020-03-01')
insert into MovieRating (movie_id, user_id, rating, created_at) values ('3', '1', '3', '2020-02-22')
insert into MovieRating (movie_id, user_id, rating, created_at) values ('3', '2', '4', '2020-02-25')


-- SOLUTION: